<?xml version="1.0" encoding="utf-8" ?>
<dwsync>
<file name="launch.scss" server="C:/Users/Farheen/Desktop/ESDC/Sites/00054859PAYSTUB_Source/" local="131981159520000000" remote="131981159520000000" Dst="2" />
<file name="theme.css" server="C:/Users/Farheen/Desktop/ESDC/Sites/00054859PAYSTUB_Source/" local="131774592860000000" remote="131774592860000000" Dst="2" />
<file name="theme.scss" server="C:/Users/Farheen/Desktop/ESDC/Sites/00054859PAYSTUB_Source/" local="132368322839905888" remote="131983578300000000" Dst="2" />
<file name="_MeD_color_applicator.scss" server="C:/Users/Farheen/Desktop/ESDC/Sites/00054859PAYSTUB_Source/" local="131976879900000000" remote="131976879900000000" Dst="2" />
<file name="_MeD_css_utilities.scss" server="C:/Users/Farheen/Desktop/ESDC/Sites/00054859PAYSTUB_Source/" local="132370352099615720" remote="131980252720000000" Dst="2" />
<file name="_MeD_special_boxes.scss" server="C:/Users/Farheen/Desktop/ESDC/Sites/00054859PAYSTUB_Source/" local="131965677320000000" remote="131965677320000000" Dst="2" />
<file name="_settings.scss" server="C:/Users/Farheen/Desktop/ESDC/Sites/00054859PAYSTUB_Source/" local="131774592860000000" remote="131774592860000000" Dst="2" />
<file name="_vars.scss" server="C:/Users/Farheen/Desktop/ESDC/Sites/00054859PAYSTUB_Source/" local="132358876600334096" remote="131982989200000000" Dst="2" />
</dwsync>