<?xml version="1.0" encoding="utf-8" ?>
<dwsync>
<file name="1-2.png" server="C:/Users/Farheen/Desktop/ESDC/Sites/00054859PAYSTUB_Source/" local="131940492320000000" remote="131940492320000000" Dst="2" />
<file name="1-3.png" server="C:/Users/Farheen/Desktop/ESDC/Sites/00054859PAYSTUB_Source/" local="131940533180000000" remote="131940533180000000" Dst="2" />
<file name="arrow_down.png" server="C:/Users/Farheen/Desktop/ESDC/Sites/00054859PAYSTUB_Source/" local="131968063640000000" remote="131968063640000000" Dst="2" />
<file name="arrow_down_orange.png" server="C:/Users/Farheen/Desktop/ESDC/Sites/00054859PAYSTUB_Source/" local="131968129920000000" remote="131968129920000000" Dst="2" />
<file name="arrow_left.png" server="C:/Users/Farheen/Desktop/ESDC/Sites/00054859PAYSTUB_Source/" local="131962118840000000" remote="131962118840000000" Dst="2" />
<file name="arrow_right.png" server="C:/Users/Farheen/Desktop/ESDC/Sites/00054859PAYSTUB_Source/" local="131962118860000000" remote="131962118860000000" Dst="2" />
<file name="arrow_up.png" server="C:/Users/Farheen/Desktop/ESDC/Sites/00054859PAYSTUB_Source/" local="131968063480000000" remote="131968063480000000" Dst="2" />
<file name="arrow_up_orange.png" server="C:/Users/Farheen/Desktop/ESDC/Sites/00054859PAYSTUB_Source/" local="131968129720000000" remote="131968129720000000" Dst="2" />
<file name="arrow_wht.png" server="C:/Users/Farheen/Desktop/ESDC/Sites/00054859PAYSTUB_Source/" local="132049539500000000" remote="132049539500000000" Dst="2" />
<file name="arrow_wht_d.png" server="C:/Users/Farheen/Desktop/ESDC/Sites/00054859PAYSTUB_Source/" local="132049540200000000" remote="132049540200000000" Dst="2" />
<file name="BannerTile.gif" server="C:/Users/Farheen/Desktop/ESDC/Sites/00054859PAYSTUB_Source/" local="131965524760000000" remote="131965524760000000" Dst="2" />
<file name="BannerTile.png" server="C:/Users/Farheen/Desktop/ESDC/Sites/00054859PAYSTUB_Source/" local="131965557020000000" remote="131965557020000000" Dst="2" />
<file name="calc1.png" server="C:/Users/Farheen/Desktop/ESDC/Sites/00054859PAYSTUB_Source/" local="131963788760000000" remote="131963788760000000" Dst="2" />
<file name="calc2.png" server="C:/Users/Farheen/Desktop/ESDC/Sites/00054859PAYSTUB_Source/" local="131963788880000000" remote="131963788880000000" Dst="2" />
<file name="calendar.png" server="C:/Users/Farheen/Desktop/ESDC/Sites/00054859PAYSTUB_Source/" local="131977656260000000" remote="131977656260000000" Dst="2" />
<file name="calendar_fr.png" server="C:/Users/Farheen/Desktop/ESDC/Sites/00054859PAYSTUB_Source/" local="131981023980000000" remote="131981023980000000" Dst="2" />
<file name="Capture.PNG" server="C:/Users/Farheen/Desktop/ESDC/Sites/00054859PAYSTUB_Source/" local="131957638000000000" remote="131957638000000000" Dst="2" />
<file name="check.PNG" server="C:/Users/Farheen/Desktop/ESDC/Sites/00054859PAYSTUB_Source/" local="131957645800000000" remote="131957645800000000" Dst="2" />
<file name="Checkmark.svg" server="C:/Users/Farheen/Desktop/ESDC/Sites/00054859PAYSTUB_Source/" local="131980384140000000" remote="131980384140000000" Dst="2" />
<file name="congratulations.png" server="C:/Users/Farheen/Desktop/ESDC/Sites/00054859PAYSTUB_Source/" local="131980934260000000" remote="131980934260000000" Dst="2" />
<file name="deskguy.jpg" server="C:/Users/Farheen/Desktop/ESDC/Sites/00054859PAYSTUB_Source/" local="131962211580000000" remote="131962211580000000" Dst="2" />
<file name="deskguy.png" server="C:/Users/Farheen/Desktop/ESDC/Sites/00054859PAYSTUB_Source/" local="131964455760000000" remote="131964455760000000" Dst="2" />
<file name="dollar.png" server="C:/Users/Farheen/Desktop/ESDC/Sites/00054859PAYSTUB_Source/" local="131980268240000000" remote="131980268240000000" Dst="2" />
<file name="dude.png" server="C:/Users/Farheen/Desktop/ESDC/Sites/00054859PAYSTUB_Source/" local="131971461840000000" remote="131971461840000000" Dst="2" />
<file name="expanded.png" server="C:/Users/Farheen/Desktop/ESDC/Sites/00054859PAYSTUB_Source/" local="131951515160000000" remote="131951515160000000" Dst="2" />
<file name="Get-Cash-512-9557655.svg" server="C:/Users/Farheen/Desktop/ESDC/Sites/00054859PAYSTUB_Source/" local="131975839380000000" remote="131975839380000000" Dst="2" />
<file name="gradientOverlay.png" server="C:/Users/Farheen/Desktop/ESDC/Sites/00054859PAYSTUB_Source/" local="131962174620000000" remote="131962174620000000" Dst="2" />
<file name="guy.png" server="C:/Users/Farheen/Desktop/ESDC/Sites/00054859PAYSTUB_Source/" local="131956891380000000" remote="131956891380000000" Dst="2" />
<file name="guy2.png" server="C:/Users/Farheen/Desktop/ESDC/Sites/00054859PAYSTUB_Source/" local="131956889680000000" remote="131956889680000000" Dst="2" />
<file name="insurance.png" server="C:/Users/Farheen/Desktop/ESDC/Sites/00054859PAYSTUB_Source/" local="131980269960000000" remote="131980269960000000" Dst="2" />
<file name="intro_background.jpg" server="C:/Users/Farheen/Desktop/ESDC/Sites/00054859PAYSTUB_Source/" local="131940353800000000" remote="131940353800000000" Dst="2" />
<file name="lady1.png" server="C:/Users/Farheen/Desktop/ESDC/Sites/00054859PAYSTUB_Source/" local="131981113300000000" remote="131981113300000000" Dst="2" />
<file name="left_Arr.png" server="C:/Users/Farheen/Desktop/ESDC/Sites/00054859PAYSTUB_Source/" local="131962118840000000" remote="131962118840000000" Dst="2" />
<file name="LWOP.png" server="C:/Users/Farheen/Desktop/ESDC/Sites/00054859PAYSTUB_Source/" local="131981055320000000" remote="131981055320000000" Dst="2" />
<file name="m0_1b.png" server="C:/Users/Farheen/Desktop/ESDC/Sites/00054859PAYSTUB_Source/" local="131980076580000000" remote="131980076580000000" Dst="2" />
<file name="m1-1a.png" server="C:/Users/Farheen/Desktop/ESDC/Sites/00054859PAYSTUB_Source/" local="131981132700000000" remote="131981132700000000" Dst="2" />
<file name="m1-1a_fr.png" server="C:/Users/Farheen/Desktop/ESDC/Sites/00054859PAYSTUB_Source/" local="131981138580000000" remote="131981138580000000" Dst="2" />
<file name="m1-1b.png" server="C:/Users/Farheen/Desktop/ESDC/Sites/00054859PAYSTUB_Source/" local="131969848900000000" remote="131969848900000000" Dst="2" />
<file name="m1-1b_fr.png" server="C:/Users/Farheen/Desktop/ESDC/Sites/00054859PAYSTUB_Source/" local="131981924860000000" remote="131981924860000000" Dst="2" />
<file name="m1-1c.png" server="C:/Users/Farheen/Desktop/ESDC/Sites/00054859PAYSTUB_Source/" local="131982908000000000" remote="131982908000000000" Dst="2" />
<file name="m1-1c_fr.png" server="C:/Users/Farheen/Desktop/ESDC/Sites/00054859PAYSTUB_Source/" local="131982888920000000" remote="131982888920000000" Dst="2" />
<file name="m1-1d.png" server="C:/Users/Farheen/Desktop/ESDC/Sites/00054859PAYSTUB_Source/" local="132022701900000000" remote="132022701900000000" Dst="2" />
<file name="m1-1d_fr.png" server="C:/Users/Farheen/Desktop/ESDC/Sites/00054859PAYSTUB_Source/" local="131981147640000000" remote="131981147640000000" Dst="2" />
<file name="m1-1d_old.png" server="C:/Users/Farheen/Desktop/ESDC/Sites/00054859PAYSTUB_Source/" local="131969846500000000" remote="131969846500000000" Dst="2" />
<file name="m1-1e.png" server="C:/Users/Farheen/Desktop/ESDC/Sites/00054859PAYSTUB_Source/" local="131971504120000000" remote="131971504120000000" Dst="2" />
<file name="m1-1e_fr.png" server="C:/Users/Farheen/Desktop/ESDC/Sites/00054859PAYSTUB_Source/" local="131981150280000000" remote="131981150280000000" Dst="2" />
<file name="m1-1f.png" server="C:/Users/Farheen/Desktop/ESDC/Sites/00054859PAYSTUB_Source/" local="131971513200000000" remote="131971513200000000" Dst="2" />
<file name="m1-1f_fr.png" server="C:/Users/Farheen/Desktop/ESDC/Sites/00054859PAYSTUB_Source/" local="131981153300000000" remote="131981153300000000" Dst="2" />
<file name="m1-2d.png" server="C:/Users/Farheen/Desktop/ESDC/Sites/00054859PAYSTUB_Source/" local="131969846500000000" remote="131969846500000000" Dst="2" />
<file name="m1-2e.png" server="C:/Users/Farheen/Desktop/ESDC/Sites/00054859PAYSTUB_Source/" local="131971504120000000" remote="131971504120000000" Dst="2" />
<file name="m1-2f.png" server="C:/Users/Farheen/Desktop/ESDC/Sites/00054859PAYSTUB_Source/" local="131971513200000000" remote="131971513200000000" Dst="2" />
<file name="m3-3-1.png" server="C:/Users/Farheen/Desktop/ESDC/Sites/00054859PAYSTUB_Source/" local="131980239720000000" remote="131980239720000000" Dst="2" />
<file name="m3-3-1_fr.png" server="C:/Users/Farheen/Desktop/ESDC/Sites/00054859PAYSTUB_Source/" local="131981135240000000" remote="131981135240000000" Dst="2" />
<file name="m3-3.png" server="C:/Users/Farheen/Desktop/ESDC/Sites/00054859PAYSTUB_Source/" local="131980239580000000" remote="131980239580000000" Dst="2" />
<file name="m3-3_fr.png" server="C:/Users/Farheen/Desktop/ESDC/Sites/00054859PAYSTUB_Source/" local="131981133940000000" remote="131981133940000000" Dst="2" />
<file name="m3-4a.png" server="C:/Users/Farheen/Desktop/ESDC/Sites/00054859PAYSTUB_Source/" local="131981025780000000" remote="131981025780000000" Dst="2" />
<file name="m3-4b.png" server="C:/Users/Farheen/Desktop/ESDC/Sites/00054859PAYSTUB_Source/" local="131981013680000000" remote="131981013680000000" Dst="2" />
<file name="m3-4c.png" server="C:/Users/Farheen/Desktop/ESDC/Sites/00054859PAYSTUB_Source/" local="131981015200000000" remote="131981015200000000" Dst="2" />
<file name="m3-4d.png" server="C:/Users/Farheen/Desktop/ESDC/Sites/00054859PAYSTUB_Source/" local="131981205560000000" remote="131981205560000000" Dst="2" />
<file name="m3-4d_FR.png" server="C:/Users/Farheen/Desktop/ESDC/Sites/00054859PAYSTUB_Source/" local="131986397200000000" remote="131986397200000000" Dst="2" />
<file name="m3-4e.png" server="C:/Users/Farheen/Desktop/ESDC/Sites/00054859PAYSTUB_Source/" local="131981208820000000" remote="131981208820000000" Dst="2" />
<file name="m3-4f.png" server="C:/Users/Farheen/Desktop/ESDC/Sites/00054859PAYSTUB_Source/" local="131981210680000000" remote="131981210680000000" Dst="2" />
<file name="m3-5a.png" server="C:/Users/Farheen/Desktop/ESDC/Sites/00054859PAYSTUB_Source/" local="131981057820000000" remote="131981057820000000" Dst="2" />
<file name="m3-5b.png" server="C:/Users/Farheen/Desktop/ESDC/Sites/00054859PAYSTUB_Source/" local="131981920540000000" remote="131981920540000000" Dst="2" />
<file name="m3-5b_FR.png" server="C:/Users/Farheen/Desktop/ESDC/Sites/00054859PAYSTUB_Source/" local="131986401020000000" remote="131986401020000000" Dst="2" />
<file name="m3-5c.png" server="C:/Users/Farheen/Desktop/ESDC/Sites/00054859PAYSTUB_Source/" local="131981140360000000" remote="131981140360000000" Dst="2" />
<file name="math.png" server="C:/Users/Farheen/Desktop/ESDC/Sites/00054859PAYSTUB_Source/" local="131963810340000000" remote="131963810340000000" Dst="2" />
<file name="mockupStub.bmp" server="C:/Users/Farheen/Desktop/ESDC/Sites/00054859PAYSTUB_Source/" local="131951508860000000" remote="131951508860000000" Dst="2" />
<file name="navico1.png" server="C:/Users/Farheen/Desktop/ESDC/Sites/00054859PAYSTUB_Source/" local="132049481480000000" remote="132049481480000000" Dst="2" />
<file name="navico2.png" server="C:/Users/Farheen/Desktop/ESDC/Sites/00054859PAYSTUB_Source/" local="132049481360000000" remote="132049481360000000" Dst="2" />
<file name="page_footer.jpg" server="C:/Users/Farheen/Desktop/ESDC/Sites/00054859PAYSTUB_Source/" local="131940353260000000" remote="131940353260000000" Dst="2" />
<file name="page_footer.png" server="C:/Users/Farheen/Desktop/ESDC/Sites/00054859PAYSTUB_Source/" local="131940498900000000" remote="131940498900000000" Dst="2" />
<file name="pay_calendar_EN.png" server="C:/Users/Farheen/Desktop/ESDC/Sites/00054859PAYSTUB_Source/" local="131983843380000000" remote="131983843380000000" Dst="2" />
<file name="pay_calendar_FR.png" server="C:/Users/Farheen/Desktop/ESDC/Sites/00054859PAYSTUB_Source/" local="131983843220000000" remote="131983843220000000" Dst="2" />
<file name="phoenix.png" server="C:/Users/Farheen/Desktop/ESDC/Sites/00054859PAYSTUB_Source/" local="131983602600000000" remote="131983602600000000" Dst="2" />
<file name="phoenixmenu.png" server="C:/Users/Farheen/Desktop/ESDC/Sites/00054859PAYSTUB_Source/" local="131964437720000000" remote="131964437720000000" Dst="2" />
<file name="phoenixmenu_fr.png" server="C:/Users/Farheen/Desktop/ESDC/Sites/00054859PAYSTUB_Source/" local="131976816960000000" remote="131976816960000000" Dst="2" />
<file name="PostItGeneralInfo.svg" server="C:/Users/Farheen/Desktop/ESDC/Sites/00054859PAYSTUB_Source/" local="131958517740000000" remote="131958517740000000" Dst="2" />
<file name="right_Arr.png" server="C:/Users/Farheen/Desktop/ESDC/Sites/00054859PAYSTUB_Source/" local="131962118860000000" remote="131962118860000000" Dst="2" />
<file name="Search-Property-512-9414456.svg" server="C:/Users/Farheen/Desktop/ESDC/Sites/00054859PAYSTUB_Source/" local="131964631440000000" remote="131964631440000000" Dst="2" />
<file name="section0_background.jpg" server="C:/Users/Farheen/Desktop/ESDC/Sites/00054859PAYSTUB_Source/" local="131964568220000000" remote="131964568220000000" Dst="2" />
<file name="section0_header.png" server="C:/Users/Farheen/Desktop/ESDC/Sites/00054859PAYSTUB_Source/" local="131962171820000000" remote="131962171820000000" Dst="2" />
<file name="section1_header.png" server="C:/Users/Farheen/Desktop/ESDC/Sites/00054859PAYSTUB_Source/" local="131962176840000000" remote="131962176840000000" Dst="2" />
<file name="setction0_bg.png" server="C:/Users/Farheen/Desktop/ESDC/Sites/00054859PAYSTUB_Source/" local="131965569660000000" remote="131965569660000000" Dst="2" />
<file name="splash.png" server="C:/Users/Farheen/Desktop/ESDC/Sites/00054859PAYSTUB_Source/" local="131958394980000000" remote="131958394980000000" Dst="2" />
<file name="stock-photo-business-startup-education-a-1809202FADE.png" server="C:/Users/Farheen/Desktop/ESDC/Sites/00054859PAYSTUB_Source/" local="131971669220000000" remote="131971669220000000" Dst="2" />
<file name="tax.png" server="C:/Users/Farheen/Desktop/ESDC/Sites/00054859PAYSTUB_Source/" local="131980266140000000" remote="131980266140000000" Dst="2" />
<file name="taxes.png" server="C:/Users/Farheen/Desktop/ESDC/Sites/00054859PAYSTUB_Source/" local="131981179620000000" remote="131981179620000000" Dst="2" />
<file name="taxes_FR.png" server="C:/Users/Farheen/Desktop/ESDC/Sites/00054859PAYSTUB_Source/" local="131986392260000000" remote="131986392260000000" Dst="2" />
<file name="tax_FR.png" server="C:/Users/Farheen/Desktop/ESDC/Sites/00054859PAYSTUB_Source/" local="131980266140000000" remote="131980266140000000" Dst="2" />
<file name="TileBackground.png" server="C:/Users/Farheen/Desktop/ESDC/Sites/00054859PAYSTUB_Source/" local="131968274980000000" remote="131968274980000000" Dst="2" />
<file name="TileBackground.svg" server="C:/Users/Farheen/Desktop/ESDC/Sites/00054859PAYSTUB_Source/" local="131968231840000000" remote="131968231840000000" Dst="2" />
<file name="top_banner_texture_1.png" server="C:/Users/Farheen/Desktop/ESDC/Sites/00054859PAYSTUB_Source/" local="131964639780000000" remote="131964639780000000" Dst="2" />
<file name="top_banner_texture_1.svg" server="C:/Users/Farheen/Desktop/ESDC/Sites/00054859PAYSTUB_Source/" local="131260473340000000" remote="131260473340000000" Dst="2" />
</dwsync>