<?xml version="1.0" encoding="utf-8" ?>
<dwsync>
<file name="Activity.png" server="C:/Users/Farheen/Desktop/ESDC/Sites/00054859PAYSTUB_Source/" local="131810742000000000" remote="131810742000000000" Dst="2" />
<file name="activity_coil.png" server="C:/Users/Farheen/Desktop/ESDC/Sites/00054859PAYSTUB_Source/" local="131774592860000000" remote="131774592860000000" Dst="2" />
<file name="Answer - French Version.png" server="C:/Users/Farheen/Desktop/ESDC/Sites/00054859PAYSTUB_Source/" local="131810742000000000" remote="131810742000000000" Dst="2" />
<file name="Answer.png" server="C:/Users/Farheen/Desktop/ESDC/Sites/00054859PAYSTUB_Source/" local="131810742000000000" remote="131810742000000000" Dst="2" />
<file name="Appendix.png" server="C:/Users/Farheen/Desktop/ESDC/Sites/00054859PAYSTUB_Source/" local="131810742000000000" remote="131810742000000000" Dst="2" />
<file name="Best Practise.png" server="C:/Users/Farheen/Desktop/ESDC/Sites/00054859PAYSTUB_Source/" local="131810742000000000" remote="131810742000000000" Dst="2" />
<file name="Calc Questions.png" server="C:/Users/Farheen/Desktop/ESDC/Sites/00054859PAYSTUB_Source/" local="131810742000000000" remote="131810742000000000" Dst="2" />
<file name="Calculation.png" server="C:/Users/Farheen/Desktop/ESDC/Sites/00054859PAYSTUB_Source/" local="131810742000000000" remote="131810742000000000" Dst="2" />
<file name="Call Listening.png" server="C:/Users/Farheen/Desktop/ESDC/Sites/00054859PAYSTUB_Source/" local="131810742000000000" remote="131810742000000000" Dst="2" />
<file name="Canada_EN.png" server="C:/Users/Farheen/Desktop/ESDC/Sites/00054859PAYSTUB_Source/" local="131841174160000000" remote="131841174160000000" Dst="2" />
<file name="Canada_EN_dark.png" server="C:/Users/Farheen/Desktop/ESDC/Sites/00054859PAYSTUB_Source/" local="131934438020000000" remote="131934438020000000" Dst="2" />
<file name="Canada_FR.png" server="C:/Users/Farheen/Desktop/ESDC/Sites/00054859PAYSTUB_Source/" local="131841174180000000" remote="131841174180000000" Dst="2" />
<file name="Canada_FR_dark.png" server="C:/Users/Farheen/Desktop/ESDC/Sites/00054859PAYSTUB_Source/" local="131934438480000000" remote="131934438480000000" Dst="2" />
<file name="Case Study.png" server="C:/Users/Farheen/Desktop/ESDC/Sites/00054859PAYSTUB_Source/" local="131810742000000000" remote="131810742000000000" Dst="2" />
<file name="check.jpg" server="C:/Users/Farheen/Desktop/ESDC/Sites/00054859PAYSTUB_Source/" local="131774592860000000" remote="131774592860000000" Dst="2" />
<file name="check_hover.jpg" server="C:/Users/Farheen/Desktop/ESDC/Sites/00054859PAYSTUB_Source/" local="131774592860000000" remote="131774592860000000" Dst="2" />
<file name="collapsible-fade.png" server="C:/Users/Farheen/Desktop/ESDC/Sites/00054859PAYSTUB_Source/" local="131774592860000000" remote="131774592860000000" Dst="2" />
<file name="collapsible-fade2.png" server="C:/Users/Farheen/Desktop/ESDC/Sites/00054859PAYSTUB_Source/" local="131774592860000000" remote="131774592860000000" Dst="2" />
<file name="collapsible-handle.png" server="C:/Users/Farheen/Desktop/ESDC/Sites/00054859PAYSTUB_Source/" local="131774592860000000" remote="131774592860000000" Dst="2" />
<file name="Common Reference Tool.png" server="C:/Users/Farheen/Desktop/ESDC/Sites/00054859PAYSTUB_Source/" local="131810742000000000" remote="131810742000000000" Dst="2" />
<file name="Definition.png" server="C:/Users/Farheen/Desktop/ESDC/Sites/00054859PAYSTUB_Source/" local="131810742000000000" remote="131810742000000000" Dst="2" />
<file name="Examples.png" server="C:/Users/Farheen/Desktop/ESDC/Sites/00054859PAYSTUB_Source/" local="131810742000000000" remote="131810742000000000" Dst="2" />
<file name="fake-transp.jpg" server="C:/Users/Farheen/Desktop/ESDC/Sites/00054859PAYSTUB_Source/" local="131774592860000000" remote="131774592860000000" Dst="2" />
<file name="Final Test.png" server="C:/Users/Farheen/Desktop/ESDC/Sites/00054859PAYSTUB_Source/" local="131810742000000000" remote="131810742000000000" Dst="2" />
<file name="Formula.png" server="C:/Users/Farheen/Desktop/ESDC/Sites/00054859PAYSTUB_Source/" local="131810742000000000" remote="131810742000000000" Dst="2" />
<file name="Go To.png" server="C:/Users/Farheen/Desktop/ESDC/Sites/00054859PAYSTUB_Source/" local="131810742000000000" remote="131810742000000000" Dst="2" />
<file name="icon_checkmark.svg" server="C:/Users/Farheen/Desktop/ESDC/Sites/00054859PAYSTUB_Source/" local="131774592860000000" remote="131774592860000000" Dst="2" />
<file name="icon_download.jpg" server="C:/Users/Farheen/Desktop/ESDC/Sites/00054859PAYSTUB_Source/" local="131774592860000000" remote="131774592860000000" Dst="2" />
<file name="icon_external_link.svg" server="C:/Users/Farheen/Desktop/ESDC/Sites/00054859PAYSTUB_Source/" local="131774592860000000" remote="131774592860000000" Dst="2" />
<file name="icon_magnify.svg" server="C:/Users/Farheen/Desktop/ESDC/Sites/00054859PAYSTUB_Source/" local="131774592860000000" remote="131774592860000000" Dst="2" />
<file name="icon_retry.png" server="C:/Users/Farheen/Desktop/ESDC/Sites/00054859PAYSTUB_Source/" local="131774592860000000" remote="131774592860000000" Dst="2" />
<file name="icon_return.png" server="C:/Users/Farheen/Desktop/ESDC/Sites/00054859PAYSTUB_Source/" local="131774592860000000" remote="131774592860000000" Dst="2" />
<file name="ico_bundle_circles.png" server="C:/Users/Farheen/Desktop/ESDC/Sites/00054859PAYSTUB_Source/" local="131774592860000000" remote="131774592860000000" Dst="2" />
<file name="ico_bundle_ribbons.png" server="C:/Users/Farheen/Desktop/ESDC/Sites/00054859PAYSTUB_Source/" local="131774592860000000" remote="131774592860000000" Dst="2" />
<file name="ico_bundle_ribbons_top.png" server="C:/Users/Farheen/Desktop/ESDC/Sites/00054859PAYSTUB_Source/" local="131774592860000000" remote="131774592860000000" Dst="2" />
<file name="ico_bundle_sitemap.png" server="C:/Users/Farheen/Desktop/ESDC/Sites/00054859PAYSTUB_Source/" local="131774592860000000" remote="131774592860000000" Dst="2" />
<file name="ico_right.jpg" server="C:/Users/Farheen/Desktop/ESDC/Sites/00054859PAYSTUB_Source/" local="131774592860000000" remote="131774592860000000" Dst="2" />
<file name="ico_stack.png" server="C:/Users/Farheen/Desktop/ESDC/Sites/00054859PAYSTUB_Source/" local="131956028580000000" remote="131956028580000000" Dst="2" />
<file name="ico_stack3.png" server="C:/Users/Farheen/Desktop/ESDC/Sites/00054859PAYSTUB_Source/" local="131774592860000000" remote="131774592860000000" Dst="2" />
<file name="ico_wrong.jpg" server="C:/Users/Farheen/Desktop/ESDC/Sites/00054859PAYSTUB_Source/" local="131774592860000000" remote="131774592860000000" Dst="2" />
<file name="Information mini.png" server="C:/Users/Farheen/Desktop/ESDC/Sites/00054859PAYSTUB_Source/" local="131940432560000000" remote="131940432560000000" Dst="2" />
<file name="Information.png" server="C:/Users/Farheen/Desktop/ESDC/Sites/00054859PAYSTUB_Source/" local="131940395260000000" remote="131940395260000000" Dst="2" />
<file name="Keywords.png" server="C:/Users/Farheen/Desktop/ESDC/Sites/00054859PAYSTUB_Source/" local="131810742000000000" remote="131810742000000000" Dst="2" />
<file name="Legislation mini.png" server="C:/Users/Farheen/Desktop/ESDC/Sites/00054859PAYSTUB_Source/" local="131940432580000000" remote="131940432580000000" Dst="2" />
<file name="Legislation.png" server="C:/Users/Farheen/Desktop/ESDC/Sites/00054859PAYSTUB_Source/" local="131810742000000000" remote="131810742000000000" Dst="2" />
<file name="Legislation.svg" server="C:/Users/Farheen/Desktop/ESDC/Sites/00054859PAYSTUB_Source/" local="131940422600000000" remote="131940422600000000" Dst="2" />
<file name="loading.gif" server="C:/Users/Farheen/Desktop/ESDC/Sites/00054859PAYSTUB_Source/" local="131774592860000000" remote="131774592860000000" Dst="2" />
<file name="module_evalcheck.png" server="C:/Users/Farheen/Desktop/ESDC/Sites/00054859PAYSTUB_Source/" local="131774592860000000" remote="131774592860000000" Dst="2" />
<file name="module_objectif.png" server="C:/Users/Farheen/Desktop/ESDC/Sites/00054859PAYSTUB_Source/" local="131774592860000000" remote="131774592860000000" Dst="2" />
<file name="module_ribbon.png" server="C:/Users/Farheen/Desktop/ESDC/Sites/00054859PAYSTUB_Source/" local="131774592860000000" remote="131774592860000000" Dst="2" />
<file name="Nice to Know mini ORANGE.png" server="C:/Users/Farheen/Desktop/ESDC/Sites/00054859PAYSTUB_Source/" local="131962194520000000" remote="131962194520000000" Dst="2" />
<file name="Nice to Know mini.png" server="C:/Users/Farheen/Desktop/ESDC/Sites/00054859PAYSTUB_Source/" local="131962194960000000" remote="131962194960000000" Dst="2" />
<file name="Nice to Know.png" server="C:/Users/Farheen/Desktop/ESDC/Sites/00054859PAYSTUB_Source/" local="131810742000000000" remote="131810742000000000" Dst="2" />
<file name="Nice to Know.svg" server="C:/Users/Farheen/Desktop/ESDC/Sites/00054859PAYSTUB_Source/" local="131940426740000000" remote="131940426740000000" Dst="2" />
<file name="Notes.png" server="C:/Users/Farheen/Desktop/ESDC/Sites/00054859PAYSTUB_Source/" local="131810742000000000" remote="131810742000000000" Dst="2" />
<file name="page_curl.png" server="C:/Users/Farheen/Desktop/ESDC/Sites/00054859PAYSTUB_Source/" local="131774592860000000" remote="131774592860000000" Dst="2" />
<file name="Polling.png" server="C:/Users/Farheen/Desktop/ESDC/Sites/00054859PAYSTUB_Source/" local="131810742000000000" remote="131810742000000000" Dst="2" />
<file name="Prep Time.png" server="C:/Users/Farheen/Desktop/ESDC/Sites/00054859PAYSTUB_Source/" local="131810742600000000" remote="131810742600000000" Dst="2" />
<file name="progressbarbg.png" server="C:/Users/Farheen/Desktop/ESDC/Sites/00054859PAYSTUB_Source/" local="131774592860000000" remote="131774592860000000" Dst="2" />
<file name="Question.png" server="C:/Users/Farheen/Desktop/ESDC/Sites/00054859PAYSTUB_Source/" local="131810742600000000" remote="131810742600000000" Dst="2" />
<file name="Read.png" server="C:/Users/Farheen/Desktop/ESDC/Sites/00054859PAYSTUB_Source/" local="131810742600000000" remote="131810742600000000" Dst="2" />
<file name="sitemap_check.png" server="C:/Users/Farheen/Desktop/ESDC/Sites/00054859PAYSTUB_Source/" local="131774592860000000" remote="131774592860000000" Dst="2" />
<file name="smallhome.png" server="C:/Users/Farheen/Desktop/ESDC/Sites/00054859PAYSTUB_Source/" local="131774592860000000" remote="131774592860000000" Dst="2" />
<file name="spinner.gif" server="C:/Users/Farheen/Desktop/ESDC/Sites/00054859PAYSTUB_Source/" local="131774592860000000" remote="131774592860000000" Dst="2" />
<file name="spinner.svg" server="C:/Users/Farheen/Desktop/ESDC/Sites/00054859PAYSTUB_Source/" local="131774592860000000" remote="131774592860000000" Dst="2" />
<file name="Take Note mini.png" server="C:/Users/Farheen/Desktop/ESDC/Sites/00054859PAYSTUB_Source/" local="131940432560000000" remote="131940432560000000" Dst="2" />
<file name="Take Note.png" server="C:/Users/Farheen/Desktop/ESDC/Sites/00054859PAYSTUB_Source/" local="131810742600000000" remote="131810742600000000" Dst="2" />
<file name="Time.png" server="C:/Users/Farheen/Desktop/ESDC/Sites/00054859PAYSTUB_Source/" local="131810742600000000" remote="131810742600000000" Dst="2" />
<file name="TitleBg.png" server="C:/Users/Farheen/Desktop/ESDC/Sites/00054859PAYSTUB_Source/" local="131934472440000000" remote="131934472440000000" Dst="2" />
<file name="Trainers Notes.png" server="C:/Users/Farheen/Desktop/ESDC/Sites/00054859PAYSTUB_Source/" local="131810742600000000" remote="131810742600000000" Dst="2" />
<file name="Trainers Speaking Notes.png" server="C:/Users/Farheen/Desktop/ESDC/Sites/00054859PAYSTUB_Source/" local="131810742600000000" remote="131810742600000000" Dst="2" />
<file name="Web Link.png" server="C:/Users/Farheen/Desktop/ESDC/Sites/00054859PAYSTUB_Source/" local="131810742000000000" remote="131810742000000000" Dst="2" />
<file name="Webinar.png" server="C:/Users/Farheen/Desktop/ESDC/Sites/00054859PAYSTUB_Source/" local="131810742000000000" remote="131810742000000000" Dst="2" />
</dwsync>