<?xml version="1.0" encoding="utf-8" ?>
<dwsync>
<file name="m3-0_en.html" server="C:/Users/Farheen/Desktop/ESDC/Sites/00054859PAYSTUB_Source/" local="132049461020000000" remote="132049461020000000" Dst="2" />
<file name="m3-0_fr.html" server="C:/Users/Farheen/Desktop/ESDC/Sites/00054859PAYSTUB_Source/" local="132049461020000000" remote="132049461020000000" Dst="2" />
<file name="m3-1_en.html" server="C:/Users/Farheen/Desktop/ESDC/Sites/00054859PAYSTUB_Source/" local="131980155080000000" remote="131980155080000000" Dst="2" />
<file name="m3-1_fr.html" server="C:/Users/Farheen/Desktop/ESDC/Sites/00054859PAYSTUB_Source/" local="131980922440000000" remote="131980922440000000" Dst="2" />
<file name="m3-2-1_en.html" server="C:/Users/Farheen/Desktop/ESDC/Sites/00054859PAYSTUB_Source/" local="132194248220000000" remote="132194248220000000" Dst="2" />
<file name="m3-2-1_fr.html" server="C:/Users/Farheen/Desktop/ESDC/Sites/00054859PAYSTUB_Source/" local="132194292380000000" remote="132194292380000000" Dst="2" />
<file name="m3-2-2_en.html" server="C:/Users/Farheen/Desktop/ESDC/Sites/00054859PAYSTUB_Source/" local="131977759100000000" remote="131977759100000000" Dst="2" />
<file name="m3-2_en.html" server="C:/Users/Farheen/Desktop/ESDC/Sites/00054859PAYSTUB_Source/" local="131982842560000000" remote="131982842560000000" Dst="2" />
<file name="m3-2_fr.html" server="C:/Users/Farheen/Desktop/ESDC/Sites/00054859PAYSTUB_Source/" local="132049461860000000" remote="132049461860000000" Dst="2" />
<file name="m3-3-1_en.html" server="C:/Users/Farheen/Desktop/ESDC/Sites/00054859PAYSTUB_Source/" local="132049479180000000" remote="132049479180000000" Dst="2" />
<file name="m3-3-1_fr.html" server="C:/Users/Farheen/Desktop/ESDC/Sites/00054859PAYSTUB_Source/" local="132194295060000000" remote="132194295060000000" Dst="2" />
<file name="m3-3_en.html" server="C:/Users/Farheen/Desktop/ESDC/Sites/00054859PAYSTUB_Source/" local="131982848660000000" remote="131982848660000000" Dst="2" />
<file name="m3-3_fr.html" server="C:/Users/Farheen/Desktop/ESDC/Sites/00054859PAYSTUB_Source/" local="132194293860000000" remote="132194293860000000" Dst="2" />
<file name="m3-4_en.html" server="C:/Users/Farheen/Desktop/ESDC/Sites/00054859PAYSTUB_Source/" local="131980999860000000" remote="131980999860000000" Dst="2" />
<file name="m3-4_fr.html" server="C:/Users/Farheen/Desktop/ESDC/Sites/00054859PAYSTUB_Source/" local="131986365980000000" remote="131986365980000000" Dst="2" />
<file name="m3-5_en.html" server="C:/Users/Farheen/Desktop/ESDC/Sites/00054859PAYSTUB_Source/" local="131982850020000000" remote="131982850020000000" Dst="2" />
<file name="m3-5_fr.html" server="C:/Users/Farheen/Desktop/ESDC/Sites/00054859PAYSTUB_Source/" local="132049481040000000" remote="132049481040000000" Dst="2" />
<file name="m3-6_en.html" server="C:/Users/Farheen/Desktop/ESDC/Sites/00054859PAYSTUB_Source/" local="132049482560000000" remote="132049482560000000" Dst="2" />
<file name="m3-6_fr.html" server="C:/Users/Farheen/Desktop/ESDC/Sites/00054859PAYSTUB_Source/" local="132049482500000000" remote="132049482500000000" Dst="2" />
<file name="m3-7_en.html" server="C:/Users/Farheen/Desktop/ESDC/Sites/00054859PAYSTUB_Source/" local="131982887020000000" remote="131982887020000000" Dst="2" />
<file name="m3-7_fr.html" server="C:/Users/Farheen/Desktop/ESDC/Sites/00054859PAYSTUB_Source/" local="131983860640000000" remote="131983860640000000" Dst="2" />
</dwsync>