<?xml version="1.0" encoding="utf-8" ?>
<dwsync>
<file name="m2-0_en.html" server="C:/Users/Farheen/Desktop/ESDC/Sites/00054859PAYSTUB_Source/" local="132369743742536913" remote="132049447280000000" Dst="2" />
<file name="m2-0_fr.html" server="C:/Users/Farheen/Desktop/ESDC/Sites/00054859PAYSTUB_Source/" local="132369743623671466" remote="132049447180000000" Dst="2" />
<file name="m2-1-1_en.html" server="C:/Users/Farheen/Desktop/ESDC/Sites/00054859PAYSTUB_Source/" local="132049450120000000" remote="132049450120000000" Dst="2" />
<file name="m2-1-1_fr.html" server="C:/Users/Farheen/Desktop/ESDC/Sites/00054859PAYSTUB_Source/" local="132049452000000000" remote="132049452000000000" Dst="2" />
<file name="m2-1_en.html" server="C:/Users/Farheen/Desktop/ESDC/Sites/00054859PAYSTUB_Source/" local="132369749474953372" remote="131976699860000000" Dst="2" />
<file name="m2-1_fr.html" server="C:/Users/Farheen/Desktop/ESDC/Sites/00054859PAYSTUB_Source/" local="132369749425472183" remote="131983765360000000" Dst="2" />
<file name="m2-2_en.html" server="C:/Users/Farheen/Desktop/ESDC/Sites/00054859PAYSTUB_Source/" local="132369759741482017" remote="132049489780000000" Dst="2" />
<file name="m2-2_fr.html" server="C:/Users/Farheen/Desktop/ESDC/Sites/00054859PAYSTUB_Source/" local="132049489940000000" remote="132049489940000000" Dst="2" />
<file name="m2-3_en.html" server="C:/Users/Farheen/Desktop/ESDC/Sites/00054859PAYSTUB_Source/" local="131983600360000000" remote="131983600360000000" Dst="2" />
<file name="m2-3_fr.html" server="C:/Users/Farheen/Desktop/ESDC/Sites/00054859PAYSTUB_Source/" local="131983767920000000" remote="131983767920000000" Dst="2" />
<file name="m2-4-1_en.html" server="C:/Users/Farheen/Desktop/ESDC/Sites/00054859PAYSTUB_Source/" local="132194337940000000" remote="132194337940000000" Dst="2" />
<file name="m2-4-1_fr.html" server="C:/Users/Farheen/Desktop/ESDC/Sites/00054859PAYSTUB_Source/" local="132356752310000000" remote="132356752310000000" Dst="2" />
<file name="m2-4-2_en.html" server="C:/Users/Farheen/Desktop/ESDC/Sites/00054859PAYSTUB_Source/" local="132049463640000000" remote="132049463640000000" Dst="2" />
<file name="m2-4-2_fr.html" server="C:/Users/Farheen/Desktop/ESDC/Sites/00054859PAYSTUB_Source/" local="132049466020000000" remote="132049466020000000" Dst="2" />
<file name="m2-4_en.html" server="C:/Users/Farheen/Desktop/ESDC/Sites/00054859PAYSTUB_Source/" local="132049454300000000" remote="132049454300000000" Dst="2" />
<file name="m2-4_fr.html" server="C:/Users/Farheen/Desktop/ESDC/Sites/00054859PAYSTUB_Source/" local="132049454720000000" remote="132049454720000000" Dst="2" />
<file name="m2-5_en.html" server="C:/Users/Farheen/Desktop/ESDC/Sites/00054859PAYSTUB_Source/" local="131980116760000000" remote="131980116760000000" Dst="2" />
<file name="m2-5_fr.html" server="C:/Users/Farheen/Desktop/ESDC/Sites/00054859PAYSTUB_Source/" local="131986366500000000" remote="131986366500000000" Dst="2" />
<file name="m2-6_en.html" server="C:/Users/Farheen/Desktop/ESDC/Sites/00054859PAYSTUB_Source/" local="132049509440000000" remote="132049509440000000" Dst="2" />
<file name="m2-6_fr.html" server="C:/Users/Farheen/Desktop/ESDC/Sites/00054859PAYSTUB_Source/" local="132049510040000000" remote="132049510040000000" Dst="2" />
<file name="m2-7_en.html" server="C:/Users/Farheen/Desktop/ESDC/Sites/00054859PAYSTUB_Source/" local="132049459100000000" remote="132049459100000000" Dst="2" />
<file name="m2-7_fr.html" server="C:/Users/Farheen/Desktop/ESDC/Sites/00054859PAYSTUB_Source/" local="132194291840000000" remote="132194291840000000" Dst="2" />
<file name="m2-8_en.html" server="C:/Users/Farheen/Desktop/ESDC/Sites/00054859PAYSTUB_Source/" local="132049459620000000" remote="132049459620000000" Dst="2" />
<file name="m2-8_fr.html" server="C:/Users/Farheen/Desktop/ESDC/Sites/00054859PAYSTUB_Source/" local="131980941040000000" remote="131980941040000000" Dst="2" />
</dwsync>