<?xml version="1.0" encoding="utf-8" ?>
<dwsync>
<file name="complete_en.html" server="C:/Users/Farheen/Desktop/ESDC/Sites/00054859PAYSTUB_Source/" local="131774592860000000" remote="131774592860000000" Dst="2" />
<file name="custom_en.html" server="C:/Users/Farheen/Desktop/ESDC/Sites/00054859PAYSTUB_Source/" local="131774592860000000" remote="131774592860000000" Dst="2" />
<file name="custom_en.pdf" server="C:/Users/Farheen/Desktop/ESDC/Sites/00054859PAYSTUB_Source/" local="131774592860000000" remote="131774592860000000" Dst="2" />
<file name="custom_fr.html" server="C:/Users/Farheen/Desktop/ESDC/Sites/00054859PAYSTUB_Source/" local="131774592860000000" remote="131774592860000000" Dst="2" />
<file name="favorites_en.html" server="C:/Users/Farheen/Desktop/ESDC/Sites/00054859PAYSTUB_Source/" local="131774592860000000" remote="131774592860000000" Dst="2" />
<file name="favorites_fr.html" server="C:/Users/Farheen/Desktop/ESDC/Sites/00054859PAYSTUB_Source/" local="131774592860000000" remote="131774592860000000" Dst="2" />
<file name="glossary_en.html" server="C:/Users/Farheen/Desktop/ESDC/Sites/00054859PAYSTUB_Source/" local="132356752320000000" remote="132356752320000000" Dst="2" />
<file name="glossary_fr.html" server="C:/Users/Farheen/Desktop/ESDC/Sites/00054859PAYSTUB_Source/" local="131981295760000000" remote="131981295760000000" Dst="2" />
<file name="help_en.html" server="C:/Users/Farheen/Desktop/ESDC/Sites/00054859PAYSTUB_Source/" local="131976780960000000" remote="131976780960000000" Dst="2" />
<file name="help_fr.html" server="C:/Users/Farheen/Desktop/ESDC/Sites/00054859PAYSTUB_Source/" local="131976781360000000" remote="131976781360000000" Dst="2" />
<file name="resources_en.html" server="C:/Users/Farheen/Desktop/ESDC/Sites/00054859PAYSTUB_Source/" local="132356752320000000" remote="132356752320000000" Dst="2" />
<file name="resources_fr.html" server="C:/Users/Farheen/Desktop/ESDC/Sites/00054859PAYSTUB_Source/" local="132356752330000000" remote="132356752330000000" Dst="2" />
</dwsync>