<?xml version="1.0" encoding="utf-8" ?>
<dwsync>
<file name="m1-0_en.html" server="C:/Users/Farheen/Desktop/ESDC/Sites/00054859PAYSTUB_Source/" local="132363250470934488" remote="132049430980000000" Dst="2" />
<file name="m1-0_fr.html" server="C:/Users/Farheen/Desktop/ESDC/Sites/00054859PAYSTUB_Source/" local="132356920302071051" remote="132356920300000000" Dst="2" />
<file name="m1-1-1_en.html" server="C:/Users/Farheen/Desktop/ESDC/Sites/00054859PAYSTUB_Source/" local="132368325456610035" remote="131982753120000000" Dst="2" />
<file name="m1-1-1_fr.html" server="C:/Users/Farheen/Desktop/ESDC/Sites/00054859PAYSTUB_Source/" local="132357757210000000" remote="132025294660000000" Dst="2" />
<file name="m1-1_en.html" server="C:/Users/Farheen/Desktop/ESDC/Sites/00054859PAYSTUB_Source/" local="132357098913331365" remote="132049432640000000" Dst="2" />
<file name="m1-1_fr.html" server="C:/Users/Farheen/Desktop/ESDC/Sites/00054859PAYSTUB_Source/" local="132363266595203567" remote="132049432740000000" Dst="2" />
<file name="m1-2_en.html" server="C:/Users/Farheen/Desktop/ESDC/Sites/00054859PAYSTUB_Source/" local="132364125896797640" remote="132194184480000000" Dst="2" />
<file name="m1-2_fr.html" server="C:/Users/Farheen/Desktop/ESDC/Sites/00054859PAYSTUB_Source/" local="132364125887188944" remote="132364125880000000" Dst="2" />
<file name="m1-3_en.html" server="C:/Users/Farheen/Desktop/ESDC/Sites/00054859PAYSTUB_Source/" local="132364155224028100" remote="132194190060000000" Dst="2" />
<file name="m1-3_fr.html" server="C:/Users/Farheen/Desktop/ESDC/Sites/00054859PAYSTUB_Source/" local="132364449020790181" remote="132194288060000000" Dst="2" />
<file name="m1-4_en.html" server="C:/Users/Farheen/Desktop/ESDC/Sites/00054859PAYSTUB_Source/" local="132364472730847658" remote="132022708580000000" Dst="2" />
<file name="m1-4_fr.html" server="C:/Users/Farheen/Desktop/ESDC/Sites/00054859PAYSTUB_Source/" local="132364471991681163" remote="131987221440000000" Dst="2" />
<file name="m1-5_en.html" server="C:/Users/Farheen/Desktop/ESDC/Sites/00054859PAYSTUB_Source/" local="132367423822194279" remote="132049436900000000" Dst="2" />
<file name="m1-5_fr.html" server="C:/Users/Farheen/Desktop/ESDC/Sites/00054859PAYSTUB_Source/" local="132367421635565582" remote="132049437080000000" Dst="2" />
<file name="m1-6_en.html" server="C:/Users/Farheen/Desktop/ESDC/Sites/00054859PAYSTUB_Source/" local="132369622698413228" remote="132049438220000000" Dst="2" />
<file name="m1-6_fr.html" server="C:/Users/Farheen/Desktop/ESDC/Sites/00054859PAYSTUB_Source/" local="132368317055999353" remote="132049438640000000" Dst="2" />
<file name="m1-7-1_en.html" server="C:/Users/Farheen/Desktop/ESDC/Sites/00054859PAYSTUB_Source/" local="132369002901057374" remote="131976849920000000" Dst="2" />
<file name="m1-7-1_fr.html" server="C:/Users/Farheen/Desktop/ESDC/Sites/00054859PAYSTUB_Source/" local="132369004164353134" remote="131987251040000000" Dst="2" />
<file name="m1-7-2_en.html" server="C:/Users/Farheen/Desktop/ESDC/Sites/00054859PAYSTUB_Source/" local="132369017383920334" remote="132049441500000000" Dst="2" />
<file name="m1-7-2_fr.html" server="C:/Users/Farheen/Desktop/ESDC/Sites/00054859PAYSTUB_Source/" local="132369020810535229" remote="132049441600000000" Dst="2" />
<file name="m1-7_en.html" server="C:/Users/Farheen/Desktop/ESDC/Sites/00054859PAYSTUB_Source/" local="132369737719741282" remote="131986330820000000" Dst="2" />
<file name="m1-7_fr.html" server="C:/Users/Farheen/Desktop/ESDC/Sites/00054859PAYSTUB_Source/" local="132369656826748609" remote="132049440260000000" Dst="2" />
<file name="m1-8_en.html" server="C:/Users/Farheen/Desktop/ESDC/Sites/00054859PAYSTUB_Source/" local="132369740738713567" remote="131981064420000000" Dst="2" />
<file name="m1-8_fr.html" server="C:/Users/Farheen/Desktop/ESDC/Sites/00054859PAYSTUB_Source/" local="132369741596477095" remote="131981029020000000" Dst="2" />
</dwsync>